{
  "variants": {
    "facing=north,power=0": { "model": "vpl:block/radio_north" },
    "facing=north,power=1": { "model": "vpl:block/radio_north_power1" },
    "facing=north,power=2": { "model": "vpl:block/radio_north_power2" },
    "facing=north,power=3": { "model": "vpl:block/radio_north_power3" },
    "facing=north,power=4": { "model": "vpl:block/radio_north_power4" },
    "facing=north,power=5": { "model": "vpl:block/radio_north_power5" },
    "facing=north,power=6": { "model": "vpl:block/radio_north_power6" },
    "facing=north,power=7": { "model": "vpl:block/radio_north_power7" },
    "facing=north,power=8": { "model": "vpl:block/radio_north_power8" },
    "facing=north,power=9": { "model": "vpl:block/radio_north_power9" },
    "facing=north,power=10": { "model": "vpl:block/radio_north_power10" },
    "facing=north,power=11": { "model": "vpl:block/radio_north_power11" },
    "facing=north,power=12": { "model": "vpl:block/radio_north_power12" },
    "facing=north,power=13": { "model": "vpl:block/radio_north_power13" },
    "facing=north,power=14": { "model": "vpl:block/radio_north_power14" },
    "facing=north,power=15": { "model": "vpl:block/radio_north_power15" },

    "facing=south,power=0": { "model": "vpl:block/radio_south" },
    "facing=south,power=1": { "model": "vpl:block/radio_south_power1" },
    "facing=south,power=2": { "model": "vpl:block/radio_south_power2" },
    "facing=south,power=3": { "model": "vpl:block/radio_south_power3" },
    "facing=south,power=4": { "model": "vpl:block/radio_south_power4" },
    "facing=south,power=5": { "model": "vpl:block/radio_south_power5" },
    "facing=south,power=6": { "model": "vpl:block/radio_south_power6" },
    "facing=south,power=7": { "model": "vpl:block/radio_south_power7" },
    "facing=south,power=8": { "model": "vpl:block/radio_south_power8" },
    "facing=south,power=9": { "model": "vpl:block/radio_south_power9" },
    "facing=south,power=10": { "model": "vpl:block/radio_south_power10" },
    "facing=south,power=11": { "model": "vpl:block/radio_south_power11" },
    "facing=south,power=12": { "model": "vpl:block/radio_south_power12" },
    "facing=south,power=13": { "model": "vpl:block/radio_south_power13" },
    "facing=south,power=14": { "model": "vpl:block/radio_south_power14" },
    "facing=south,power=15": { "model": "vpl:block/radio_south_power15" },

    "facing=east,power=0": { "model": "vpl:block/radio_east" },
    "facing=east,power=1": { "model": "vpl:block/radio_east_power1" },
    "facing=east,power=2": { "model": "vpl:block/radio_east_power2" },
    "facing=east,power=3": { "model": "vpl:block/radio_east_power3" },
    "facing=east,power=4": { "model": "vpl:block/radio_east_power4" },
    "facing=east,power=5": { "model": "vpl:block/radio_east_power5" },
    "facing=east,power=6": { "model": "vpl:block/radio_east_power6" },
    "facing=east,power=7": { "model": "vpl:block/radio_east_power7" },
    "facing=east,power=8": { "model": "vpl:block/radio_east_power8" },
    "facing=east,power=9": { "model": "vpl:block/radio_east_power9" },
    "facing=east,power=10": { "model": "vpl:block/radio_east_power10" },
    "facing=east,power=11": { "model": "vpl:block/radio_east_power11" },
    "facing=east,power=12": { "model": "vpl:block/radio_east_power12" },
    "facing=east,power=13": { "model": "vpl:block/radio_east_power13" },
    "facing=east,power=14": { "model": "vpl:block/radio_east_power14" },
    "facing=east,power=15": { "model": "vpl:block/radio_east_power15" },

    "facing=west,power=0": { "model": "vpl:block/radio_west" },
    "facing=west,power=1": { "model": "vpl:block/radio_west_power1" },
    "facing=west,power=2": { "model": "vpl:block/radio_west_power2" },
    "facing=west,power=3": { "model": "vpl:block/radio_west_power3" },
    "facing=west,power=4": { "model": "vpl:block/radio_west_power4" },
    "facing=west,power=5": { "model": "vpl:block/radio_west_power5" },
    "facing=west,power=6": { "model": "vpl:block/radio_west_power6" },
    "facing=west,power=7": { "model": "vpl:block/radio_west_power7" },
    "facing=west,power=8": { "model": "vpl:block/radio_west_power8" },
    "facing=west,power=9": { "model": "vpl:block/radio_west_power9" },
    "facing=west,power=10": { "model": "vpl:block/radio_west_power10" },
    "facing=west,power=11": { "model": "vpl:block/radio_west_power11" },
    "facing=west,power=12": { "model": "vpl:block/radio_west_power12" },
    "facing=west,power=13": { "model": "vpl:block/radio_west_power13" },
    "facing=west,power=14": { "model": "vpl:block/radio_west_power14" },
    "facing=west,power=15": { "model": "vpl:block/radio_west_power15" }
  }
}